timestamp,query,response
2024-10-06 20:30:23,what are basic commands of XYZ,"The basic voice commands for the XYZ Smart Speaker are:
- ""Hey XYZ, play music.""
- ""Hey XYZ, what's the weather today?""
- ""Hey XYZ, turn off the living room lights.""
- ""Hey XYZ, set a timer for 10 minutes."""
2024-10-06 20:30:31,what are employee benefits?,"Employee benefits include health insurance, retirement savings, paid time off (PTO), parental leave, wellness programs, tuition reimbursement, and other perks provided by the company to its employees. These benefits are designed to enhance the overall well-being of employees and provide additional incentives and support."
2024-10-06 20:30:45,what are the wellness benefits?,"The wellness benefits offered by the company include on-site wellness programs such as yoga and fitness classes. Additionally, employees can access mental health counseling services through the Employee Assistance Program (EAP)."
2024-10-07 10:50:55,how many PTOs can i take,Employees receive 15 days of paid time off (PTO) per year.
2024-10-08 10:48:54,what are employee benefits?,"Employee benefits include health insurance, retirement savings plans, paid time off, parental leave, wellness programs, and tuition reimbursement. These benefits aim to support the well-being and overall satisfaction of employees."
2024-10-08 10:49:14,give me retirement savings plans,The company offers a 401(k) retirement savings plan with a 4% matching contribution. Employees are eligible to participate after 6 months of continuous employment. The company provides financial advisory sessions twice a year to help employees manage their retirement plans.
2024-10-08 10:49:14,give me retirement savings plans,The company offers a 401(k) retirement savings plan with a 4% matching contribution. Employees are eligible to participate after 6 months of continuous employment. The company also provides financial advisory sessions twice a year to help employees manage their retirement plans.
2024-10-08 10:49:35,how to reset passwords?,"To reset your company email password, you should visit the IT support portal and click on 'Forgot Password'. Then, follow the instructions provided to reset your password."
2024-10-09 00:51:48,what is the leave policy,"The leave policy states that employees are entitled to 20 days of paid leave per year. Leave requests must be submitted at least one week in advance, and unused leave cannot be carried over to the next calendar year. Medical leave requires a valid doctor's note."
2024-10-09 00:51:53,what are employee benefits?,"Employee benefits include health insurance, retirement savings plans, paid time off (PTO), parental leave, wellness programs, and tuition reimbursement. These benefits are provided by the company to support the well-being and financial security of its employees."
2024-10-09 00:52:01,tell me about XYZ product,"The XYZ product is a voice-activated smart speaker that provides a hands-free experience for playing music, answering questions, and controlling smart home devices. It can be set up by plugging it into a power outlet, downloading the XYZ Smart app, and following the in-app instructions to connect it to your home Wi-Fi network. Once connected, you can use voice commands to interact with the speaker, such as playing music, checking the weather, controlling lights, and setting timers. If you encounter any issues, there is a troubleshooting section in the user guide that provides steps to follow. The product comes with a one-year limited warranty, and for any warranty claims or additional support, you can visit the support page or contact customer service."
2024-10-09 00:58:58,what are employee benefits?,"Employee benefits include health insurance, retirement savings, paid time off, parental leave, wellness programs, and tuition reimbursement. These benefits are provided by the company to support the well-being and financial security of its employees. The specific details and eligibility criteria for each benefit may vary."
2024-10-09 00:59:04,what is the leave policy,"The leave policy states that employees are entitled to 20 days of paid leave per year. Leave requests must be submitted at least one week in advance, and unused leave cannot be carried over to the next calendar year. Medical leave is additional and requires a valid doctor's note."
2024-10-09 00:59:21,give details on XYZ product,"The XYZ Smart Speaker is a voice-activated device that provides a hands-free experience for playing music, answering questions, and controlling smart home devices. It can be set up by plugging it into a power outlet and connecting it to a home Wi-Fi network using the XYZ Smart app. Once connected, users can use voice commands like ""Hey XYZ, play music"" or ""Hey XYZ, turn off the living room lights"" to interact with the speaker. The speaker comes with a one-year limited warranty, and for any warranty claims, users can visit the support page or contact customer service."
2024-10-09 00:59:39,what are basic commands of XYZ,"The basic voice commands for the XYZ Smart Speaker are:

- ""Hey XYZ, play music.""
- ""Hey XYZ, what's the weather today?""
- ""Hey XYZ, turn off the living room lights.""
- ""Hey XYZ, set a timer for 10 minutes."""
2024-10-10 09:29:15,give me retirement savings plans,The company offers a 401(k) retirement savings plan with a 4% matching contribution. Employees are eligible to participate after 6 months of continuous employment. The company provides financial advisory sessions twice a year to help employees manage their retirement plans.
2024-10-10 09:29:48,what is the company customer policy?,"Sorry, I don't know the answer to that question. The documents provided do not contain information about the company's customer policy."
2024-10-10 09:30:33,how to reset passwords?,"To reset your company email password, you need to visit the IT support portal. From there, click on 'Forgot Password' and follow the instructions provided to reset your password."
2024-10-10 10:22:11,what is the leave policy,"The leave policy states that employees are entitled to 20 days of paid leave per year. Leave requests must be submitted at least one week in advance, and any unused leave cannot be carried over to the next calendar year. Medical leave is additional and requires a valid doctor's note."
2024-10-10 12:41:09,what is the leave policy,"The leave policy states that employees are entitled to 20 days of paid leave per year. Leave requests must be submitted at least one week in advance, and unused leave cannot be carried over to the next calendar year. Medical leave requires a valid doctor's note."
2024-10-10 12:41:23,give me retirement savings plans,The company offers a 401(k) retirement savings plan with a 4% matching contribution. Employees are eligible to participate after 6 months of continuous employment. The company provides financial advisory sessions twice a year to help employees manage their retirement plans.
2024-10-10 12:41:34,tell me about XYZ product,"The XYZ Smart Speaker is a voice-activated device that provides a hands-free experience for playing music, answering questions, and controlling smart home devices. It can be set up by plugging it into a power outlet and downloading the XYZ Smart app to connect it to your home Wi-Fi network. Once connected, you can use voice commands such as ""Hey XYZ, play music"" or ""Hey XYZ, turn off the living room lights."" If you encounter any issues, you can refer to the troubleshooting section in the Product User Guide or contact customer support for assistance."
2024-10-10 12:42:15,give me commands on XYZ product,"The following are some basic voice commands for the XYZ Smart Speaker:

- ""Hey XYZ, play music.""
- ""Hey XYZ, what's the weather today?""
- ""Hey XYZ, turn off the living room lights.""
- ""Hey XYZ, set a timer for 10 minutes.""

These are just a few examples, and there may be more commands that can be used with the XYZ Smart Speaker. For a comprehensive list of commands, please refer to the Product User Guide: XYZ Smart Speaker."
